{
  "time": {
    "rtime": 0.0005263350000000001,
    "utime": 0.0003630000000000022,
    "stime": 0.0,
    "cutime": 0.0,
    "cstime": 0.0
  }
}